gene,drug_name,db_id,synonyms,action,CAS,UNII,smiles,inchi
MDM2,apomorphine,DB00714,"['(−)-10,11-dihydroxyaporphine | (6aR)-6-methyl-5,6,6a,7-tetrahydro-4H-dibenzo[de,g]quinoline-10,11-diol | (R)-5,6,6a,7-tetrahydro-6-methyl-4H-dibenzo[de,g]quinoline-10,11-diol | Apomorfina | Apomorphin | Apomorphine | R-(−)-apomorphine']",IC50,58-00-4,N21FAR7B4S,CN1CCc2cccc3c2[C@H]1Cc1ccc(O)c(O)c1-3,"InChI=1S/C17H17NO2/c1-18-8-7-10-3-2-4-12-15(10)13(18)9-11-5-6-14(19)17(20)16(11)12/h2-6,13,19-20H,7-9H2,1H3/t13-/m1/s1"
EGFR,astemizole,DB00637,['1-(p-Fluorobenzyl)-2-((1-(2-(p-methoxyphenyl)ethyl)piperid-4-yl)amino)benzimidazole | 1-(p-Fluorobenzyl)-2-((1-(p-methoxyphenethyl)-4-piperidyl)amino)benzimidazole | Astemizol | Astémizole | Astemizole | Astemizolum'],IC50,68844-77-9,7HU6337315,COc1ccc(CCN2CCC(Nc3nc4ccccc4n3Cc3ccc(F)cc3)CC2)cc1,"InChI=1S/C28H31FN4O/c1-34-25-12-8-21(9-13-25)14-17-32-18-15-24(16-19-32)30-28-31-26-4-2-3-5-27(26)33(28)20-22-6-10-23(29)11-7-22/h2-13,24H,14-20H2,1H3,(H,30,31)"
EGFR,bacitracin,DB00626,['Bacitracin | Bacitracin A | Bacitracina'],IC50,1405-87-4,DDA3RRX0P7,CC[C@H](C)[C@H](N)C1=N[C@H](C(=O)N[C@@H](CC(C)C)C(=O)N[C@H](CCC(=O)O)C(=O)N[C@H](C(=O)N[C@H]2CCCCNC(=O)[C@H](CC(N)=O)NC(=O)[C@@H](CC(=O)O)NC(=O)[C@H](Cc3c[nH]cn3)NC(=O)[C@@H](Cc3ccccc3)NC(=O)[C@H]([C@@H](C)CC)NC(=O)[C@@H](CCCN)NC2=O)[C@@H](C)CC)CS1,"InChI=1S/C66H103N17O16S/c1-9-35(6)52(69)66-81-48(32-100-66)63(97)76-43(26-34(4)5)59(93)74-42(22-23-50(85)86)58(92)83-53(36(7)10-2)64(98)75-40-20-15-16-25-71-55(89)46(29-49(68)84)78-62(96)47(30-51(87)88)79-61(95)45(28-39-31-70-33-72-39)77-60(94)44(27-38-18-13-12-14-19-38)80-65(99)54(37(8)11-3)82-57(91)41(21-17-24-67)73-56(40)90/h12-14,18-19,31,33-37,40-48,52-54H,9-11,15-17,20-30,32,67,69H2,1-8H3,(H2,68,84)(H,70,72)(H,71,89)(H,73,90)(H,74,93)(H,75,98)(H,76,97)(H,77,94)(H,78,96)(H,79,95)(H,80,99)(H,82,91)(H,83,92)(H,85,86)(H,87,88)/t35-,36-,37-,40-,41+,42+,43-,44+,45-,46-,47+,48-,52-,53-,54-/m0/s1"
EGFR,candesartan cilexetil,DB00796,['Candesartan cilexetil'],IC50,145040-37-5,R85M2X0D68,CCOc1nc2cccc(C(=O)OC(C)OC(=O)OC3CCCCC3)c2n1Cc1ccc(-c2ccccc2-c2nnn[nH]2)cc1,"InChI=1S/C33H34N6O6/c1-3-42-32-34-28-15-9-14-27(31(40)43-21(2)44-33(41)45-24-10-5-4-6-11-24)29(28)39(32)20-22-16-18-23(19-17-22)25-12-7-8-13-26(25)30-35-37-38-36-30/h7-9,12-19,21,24H,3-6,10-11,20H2,1-2H3,(H,35,36,37,38)"
EGFR,chlorpromazine,DB00477,"['3-(2-chloro-10H-phenothiazin-10-yl)-N,N-dimethyl-1-propanamine | 3-(2-chlorophenothiazin-10-yl)-N,N-dimethyl-propan-1-amine | Chlorpromazine | Chlorpromazinum | Clorpromazina | CPZ | N-(3-dimethylaminopropyl)-3-chlorophenothiazine']",IC50,50-53-3,U42B7VYA4P,CN(C)CCCN1c2ccccc2Sc2ccc(Cl)cc21,"InChI=1S/C17H19ClN2S/c1-19(2)10-5-11-20-14-6-3-4-7-16(14)21-17-9-8-13(18)12-15(17)20/h3-4,6-9,12H,5,10-11H2,1-2H3"
PARP1,ciclopirox,DB01188,['6-cyclohexyl-1-hydroxy-4-methyl-2(1H)-pyridinone | Ciclopirox | Ciclopiroxum'],IC50,29342-05-0,19W019ZDRJ,Cc1cc(C2CCCCC2)n(O)c(=O)c1,"InChI=1S/C12H17NO2/c1-9-7-11(13(15)12(14)8-9)10-5-3-2-4-6-10/h7-8,10,15H,2-6H2,1H3"
PARP1,ciclopirox,DB01188,['6-cyclohexyl-1-hydroxy-4-methyl-2(1H)-pyridinone | Ciclopirox | Ciclopiroxum'],IC50,29342-05-0,19W019ZDRJ,Cc1cc(C2CCCCC2)n(O)c(=O)c1,"InChI=1S/C12H17NO2/c1-9-7-11(13(15)12(14)8-9)10-5-3-2-4-6-10/h7-8,10,15H,2-6H2,1H3"
EGFR,clomifene,DB00882,"['2-(4-(2-chloro-1,2-diphenylethenyl)phenoxy)-N,N-diethylethanamine | 2-(p-(2-chloro-1,2-diphenylvinyl)phenoxy)triethylamine | 2-(p-(β-chloro-α-phenylstyryl)phenoxy)triethylamine | Clomifene | Clomifeno | Clomifenum | Clomiphene']",IC50,911-45-5,1HRS458QU2,CCN(CC)CCOc1ccc(C(=C(Cl)c2ccccc2)c2ccccc2)cc1,"InChI=1S/C26H28ClNO/c1-3-28(4-2)19-20-29-24-17-15-22(16-18-24)25(21-11-7-5-8-12-21)26(27)23-13-9-6-10-14-23/h5-18H,3-4,19-20H2,1-2H3"
EGFR,clotrimazole,DB00257,"['1-((2-Chlorophenyl)diphenylmethyl)-1H-imidazole | 1-(o-Chloro-α,α-diphenylbenzyl)imidazole | 1-(o-Chlorotrityl)imidazole | 1-(α-(2-Chlorophenyl)benzhydryl)imidazole | Clotrimazol | Clotrimazole | Clotrimazolum']",IC50,23593-75-1,G07GZ97H65,Clc1ccccc1C(c1ccccc1)(c1ccccc1)n1ccnc1,"InChI=1S/C22H17ClN2/c23-21-14-8-7-13-20(21)22(25-16-15-24-17-25,18-9-3-1-4-10-18)19-11-5-2-6-12-19/h1-17H"
MDM2,cytarabine,DB00987,['1-beta-D-Arabinofuranosylcytosine | 4-Amino-1-beta-D-arabinofuranosyl-2(1H)-pyrimidinone | Aracytidine | Citarabina | Cytarabin | Cytarabine | Cytarabine liposome | Cytarabinum | Cytosine arabinoside | Cytosine-1-beta-D-arabinofuranoside | cytosine-β-D-arabinofuranoside | HiDAC'],IC50,147-94-4,04079A1RDZ,Nc1ccn([C@@H]2O[C@H](CO)[C@@H](O)[C@@H]2O)c(=O)n1,"InChI=1S/C9H13N3O5/c10-5-1-2-12(9(16)11-5)8-7(15)6(14)4(3-13)17-8/h1-2,4,6-8,13-15H,3H2,(H2,10,11,16)/t4-,6-,7+,8-/m1/s1"
EGFR,dasatinib,DB01254,"['Anh. dasatinib | Anhydrous dasatinib | BMS dasatinib | Dasatinib | Dasatinib (anh.) | dasatinib (anhydrous) | Dasatinib anhydrous | Dasatinibum | N-(2-CHLORO-6-methylphenyl)-2-({6-[4-(2-hydroxyethyl)piperazin-1-yl]-2-methylpyrimidin-4-yl}amino)-1,3-thiazole-5-carboxamide']",Kd,302962-49-8,X78UG0A0RN,Cc1nc(Nc2ncc(C(=O)Nc3c(C)cccc3Cl)s2)cc(N2CCN(CCO)CC2)n1,"InChI=1S/C22H26ClN7O2S/c1-14-4-3-5-16(23)20(14)28-21(32)17-13-24-22(33-17)27-18-12-19(26-15(2)25-18)30-8-6-29(7-9-30)10-11-31/h3-5,12-13,31H,6-11H2,1-2H3,(H,28,32)(H,24,25,26,27)"
AURKA,dasatinib,DB01254,"['Anh. dasatinib | Anhydrous dasatinib | BMS dasatinib | Dasatinib | Dasatinib (anh.) | dasatinib (anhydrous) | Dasatinib anhydrous | Dasatinibum | N-(2-CHLORO-6-methylphenyl)-2-({6-[4-(2-hydroxyethyl)piperazin-1-yl]-2-methylpyrimidin-4-yl}amino)-1,3-thiazole-5-carboxamide']",Kd,302962-49-8,X78UG0A0RN,Cc1nc(Nc2ncc(C(=O)Nc3c(C)cccc3Cl)s2)cc(N2CCN(CCO)CC2)n1,"InChI=1S/C22H26ClN7O2S/c1-14-4-3-5-16(23)20(14)28-21(32)17-13-24-22(33-17)27-18-12-19(26-15(2)25-18)30-8-6-29(7-9-30)10-11-31/h3-5,12-13,31H,6-11H2,1-2H3,(H,28,32)(H,24,25,26,27)"
PIK3CA,dasatinib,DB01254,"['Anh. dasatinib | Anhydrous dasatinib | BMS dasatinib | Dasatinib | Dasatinib (anh.) | dasatinib (anhydrous) | Dasatinib anhydrous | Dasatinibum | N-(2-CHLORO-6-methylphenyl)-2-({6-[4-(2-hydroxyethyl)piperazin-1-yl]-2-methylpyrimidin-4-yl}amino)-1,3-thiazole-5-carboxamide']",IC50,302962-49-8,X78UG0A0RN,Cc1nc(Nc2ncc(C(=O)Nc3c(C)cccc3Cl)s2)cc(N2CCN(CCO)CC2)n1,"InChI=1S/C22H26ClN7O2S/c1-14-4-3-5-16(23)20(14)28-21(32)17-13-24-22(33-17)27-18-12-19(26-15(2)25-18)30-8-6-29(7-9-30)10-11-31/h3-5,12-13,31H,6-11H2,1-2H3,(H,28,32)(H,24,25,26,27)"
WEE1,dasatinib,DB01254,"['Anh. dasatinib | Anhydrous dasatinib | BMS dasatinib | Dasatinib | Dasatinib (anh.) | dasatinib (anhydrous) | Dasatinib anhydrous | Dasatinibum | N-(2-CHLORO-6-methylphenyl)-2-({6-[4-(2-hydroxyethyl)piperazin-1-yl]-2-methylpyrimidin-4-yl}amino)-1,3-thiazole-5-carboxamide']",Kd,302962-49-8,X78UG0A0RN,Cc1nc(Nc2ncc(C(=O)Nc3c(C)cccc3Cl)s2)cc(N2CCN(CCO)CC2)n1,"InChI=1S/C22H26ClN7O2S/c1-14-4-3-5-16(23)20(14)28-21(32)17-13-24-22(33-17)27-18-12-19(26-15(2)25-18)30-8-6-29(7-9-30)10-11-31/h3-5,12-13,31H,6-11H2,1-2H3,(H,28,32)(H,24,25,26,27)"
EGFR,dobutamine,DB00841,"['(±)-4-(2-((3-(p-hydroxyphenyl)-1-methylpropyl)amino)ethyl)pyrocatechol | 3,4-dihydroxy-N-[3-(4-hydroxyphenyl)-1-methylpropyl]-β-phenylethylamine | 4-{2-[3-(4-Hydroxy-phenyl)-1-methyl-propylamino]-ethyl}-benzene-1,2-diol | DL-dobutamine | Dobutamin | Dobutamina | Dobutamine | Dobutaminum | rac-dobutamine | racemic-dobutamine']",IC50,34368-04-2,3S12J47372,CC(CCc1ccc(O)cc1)NCCc1ccc(O)c(O)c1,"InChI=1S/C18H23NO3/c1-13(2-3-14-4-7-16(20)8-5-14)19-11-10-15-6-9-17(21)18(22)12-15/h4-9,12-13,19-22H,2-3,10-11H2,1H3"
EGFR,docetaxel,DB01248,['Docetaxel | Docetaxel anhydrous | N-Debenzoyl-N-(tert-butoxycarbonyl)-10-deacetylpaclitaxel | N-Debenzoyl-N-(tert-butoxycarbonyl)-10-deacetyltaxol | TXL'],Kd,114977-28-5,699121PHCA,CC(=O)O[C@@]12CO[C@@H]1C[C@H](O)[C@@]1(C)C(=O)[C@H](O)C3=C(C)[C@@H](OC(=O)[C@H](O)[C@@H](NC(=O)OC(C)(C)C)c4ccccc4)C[C@@](O)([C@@H](OC(=O)c4ccccc4)[C@H]21)C3(C)C,"InChI=1S/C43H53NO14/c1-22-26(55-37(51)32(48)30(24-15-11-9-12-16-24)44-38(52)58-39(3,4)5)20-43(53)35(56-36(50)25-17-13-10-14-18-25)33-41(8,34(49)31(47)29(22)40(43,6)7)27(46)19-28-42(33,21-54-28)57-23(2)45/h9-18,26-28,30-33,35,46-48,53H,19-21H2,1-8H3,(H,44,52)/t26-,27-,28+,30-,31+,32+,33-,35-,41+,42-,43+/m0/s1"
AURKA,doxorubicin,DB00997,"['(1S,3S)-3-glycoloyl-3,5,12-trihydroxy-10-methoxy-6,11-dioxo-1,2,3,4,6,11-hexahydrotetracen-1-yl 3-amino-2,3,6-trideoxy-α-L-lyxo-hexopyranoside | (8S-cis)-10-((3-amino-2,3,6-trideoxy-α-L-lyxo-hexopyranosyl)oxy)-7,8,9,10-tetrahydro-6,8,11-trihydroxy-8-(hydroxyacetyl)-1-methoxy-5,12-naphthacenedione | 14-hydroxydaunomycin | 14-hydroxydaunorubicine | Adriamycine | Doxorubicin | Doxorubicin nanoparticles | Doxorubicina | Doxorubicine | Doxorubicinum | Hydroxydaunorubicin | MTC-DOX | MTC-DOX for Injection']",IC50,23214-92-8,80168379AG,COc1cccc2c1C(=O)c1c(O)c3c(c(O)c1C2=O)C[C@@](O)(C(=O)CO)C[C@@H]3O[C@H]1C[C@H](N)[C@H](O)[C@H](C)O1,"InChI=1S/C27H29NO11/c1-10-22(31)13(28)6-17(38-10)39-15-8-27(36,16(30)9-29)7-12-19(15)26(35)21-20(24(12)33)23(32)11-4-3-5-14(37-2)18(11)25(21)34/h3-5,10,13,15,17,22,29,31,33,35-36H,6-9,28H2,1-2H3/t10-,13-,15-,17-,22+,27-/m0/s1"
EGFR,ebastine,DB11742,['Ebastina | Ebastine'],IC50,90729-43-4,TQD7Q784P1,CC(C)(C)c1ccc(C(=O)CCCN2CCC(OC(c3ccccc3)c3ccccc3)CC2)cc1,"InChI=1S/C32H39NO2/c1-32(2,3)28-18-16-25(17-19-28)30(34)15-10-22-33-23-20-29(21-24-33)35-31(26-11-6-4-7-12-26)27-13-8-5-9-14-27/h4-9,11-14,16-19,29,31H,10,15,20-24H2,1-3H3"
EGFR,econazole,DB01127,['(+-)-Econazole | Econazol | Econazole'],IC50,27220-47-9,6Z1Y2V4A7M,Clc1ccc(COC(Cn2ccnc2)c2ccc(Cl)cc2Cl)cc1,"InChI=1S/C18H15Cl3N2O/c19-14-3-1-13(2-4-14)11-24-18(10-23-8-7-22-12-23)16-6-5-15(20)9-17(16)21/h1-9,12,18H,10-11H2"
EGFR,erlotinib,DB00530,[],IC50,183321-74-6,J4T82NDH7E,C#Cc1cccc(Nc2ncnc3cc(OCCOC)c(OCCOC)cc23)c1,"InChI=1S/C22H23N3O4/c1-4-16-6-5-7-17(12-16)25-22-18-13-20(28-10-8-26-2)21(29-11-9-27-3)14-19(18)23-15-24-22/h1,5-7,12-15H,8-11H2,2-3H3,(H,23,24,25)"
AURKA,erlotinib,DB00530,[],Kd,183321-74-6,J4T82NDH7E,C#Cc1cccc(Nc2ncnc3cc(OCCOC)c(OCCOC)cc23)c1,"InChI=1S/C22H23N3O4/c1-4-16-6-5-7-17(12-16)25-22-18-13-20(28-10-8-26-2)21(29-11-9-27-3)14-19(18)23-15-24-22/h1,5-7,12-15H,8-11H2,2-3H3,(H,23,24,25)"
EGFR,fluphenazine,DB00623,"[""1-(2-hydroxyethyl)-4-(3-(trifluoromethyl-10-phenothiazinyl)propyl)-piperazine | 10-(3-(2-hydroxyethyl)piperazinopropyl)-2-(trifluoromethyl)phenothiazine | 10-(3'-(4''-(β-hydroxyethyl)-1''-piperazinyl)-propyl)-3-trifluoromethylphenothiazine | 2-(4-(3-[2-(trifluoromethyl)-10H-phenothiazin-10-yl]propyl)-1-piperazinyl)ethanol | 2-(trifluoromethyl)-10-(3-(1-(β-hydroxyethyl)-4-piperazinyl)propyl)phenothiazine | 4-(3-(-trifluoromethyl-10-phenothiazyl)-propyl)-1-piperazineethanol | 4-(3-(2-(trifluoromethyl)-10H-phenothiazin-10-yl)propyl)-1-piperazineethanol | 4-(3-(2-trifluoromethyl-10-phenothiazyl)-propyl)-1-piperazineethanol | Flufenazina | Fluorfenazine | Fluorophenazine | Fluorphenazine | Fluphenazin | Fluphénazine | Fluphenazine | Fluphenazinum | Triflumethazine""]",IC50,69-23-8,S79426A41Z,OCCN1CCN(CCCN2c3ccccc3Sc3ccc(C(F)(F)F)cc32)CC1,"InChI=1S/C22H26F3N3OS/c23-22(24,25)17-6-7-21-19(16-17)28(18-4-1-2-5-20(18)30-21)9-3-8-26-10-12-27(13-11-26)14-15-29/h1-2,4-7,16,29H,3,8-15H2"
EGFR,gefitinib,DB00317,"[""4-(3'-chloro-4'-fluoroanilino)-7-methoxy-6-(3-morpholinopropoxy)quinazoline | Gefitinib | N-(3-chloro-4-fluorophenyl)-7-methoxy-6-(3-(4-morpholinyl)propoxy)-4-quinazolinamine""]",Ki,184475-35-2,S65743JHBS,COc1cc2ncnc(Nc3ccc(F)c(Cl)c3)c2cc1OCCCN1CCOCC1,"InChI=1S/C22H24ClFN4O3/c1-29-20-13-19-16(12-21(20)31-8-2-5-28-6-9-30-10-7-28)22(26-14-25-19)27-15-3-4-18(24)17(23)11-15/h3-4,11-14H,2,5-10H2,1H3,(H,25,26,27)"
EGFR,hexachlorophene,DB00756,"[""2,2'-dihydroxy-3,3',5,5',6,6'-hexachlorodiphenylmethane | 2,2'-dihydroxy-3,5,6,3',5',6'-hexachlorodiphenylmethane | 2,2'-methanediylbis(3,4,6-trichlorophenol) | 2,2'-methylenebis(3,4,6-trichlorophenol) | 2,2',3,3',5,5'-hexachloro-6,6'-dihydroxydiphenylmethane | bis(2-hydroxy-3,5,6-trichlorophenyl)methane | bis(3,5,6-trichloro-2-hydroxyphenyl)methane | hexachlorophène | Hexachlorophene | Hexachlorophenum | Hexaclorofeno""]",IC50,70-30-4,IWW5FV6NK2,Oc1c(Cl)cc(Cl)c(Cl)c1Cc1c(O)c(Cl)cc(Cl)c1Cl,"InChI=1S/C13H6Cl6O2/c14-6-2-8(16)12(20)4(10(6)18)1-5-11(19)7(15)3-9(17)13(5)21/h2-3,20-21H,1H2"
EGFR,imatinib,DB00619,"[""Imatinib | Imatinibum | α-(4-methyl-1-piperazinyl)-3'-((4-(3-pyridyl)-2-pyrimidinyl)amino)-p-toluidide""]",Kd,152459-95-5,BKJ8M8G5HI,Cc1ccc(NC(=O)c2ccc(CN3CCN(C)CC3)cc2)cc1Nc1nccc(-c2cccnc2)n1,"InChI=1S/C29H31N7O/c1-21-5-10-25(18-27(21)34-29-31-13-11-26(33-29)24-4-3-12-30-19-24)32-28(37)23-8-6-22(7-9-23)20-36-16-14-35(2)15-17-36/h3-13,18-19H,14-17,20H2,1-2H3,(H,32,37)(H,31,33,34)"
EGFR,diiodohydroxyquinoline,DB09115,['Diiodohydroxyquin | Diiodohydroxyquinoline | Iodoquinol | Ioquin'],IC50,83-73-8,63W7IE88K8,Oc1c(I)cc(I)c2cccnc12,"InChI=1S/C9H5I2NO/c10-6-4-7(11)9(13)8-5(6)2-1-3-12-8/h1-4,13H"
EGFR,lapatinib,DB01259,['Lapatinib | N-(3-chloro-4-((3-fluorophenyl)methoxy)phenyl)-6-(5-(((2-(methylsulfonyl)ethyl)amino)methyl)-2-furanyl)-4-quinazolinamine'],Kd,231277-92-2,0VUA21238F,CS(=O)(=O)CCNCc1ccc(-c2ccc3ncnc(Nc4ccc(OCc5cccc(F)c5)c(Cl)c4)c3c2)o1,"InChI=1S/C29H26ClFN4O4S/c1-40(36,37)12-11-32-16-23-7-10-27(39-23)20-5-8-26-24(14-20)29(34-18-33-26)35-22-6-9-28(25(30)15-22)38-17-19-3-2-4-21(31)13-19/h2-10,13-15,18,32H,11-12,16-17H2,1H3,(H,33,34,35)"
EGFR,levodopa,DB01235,"['(−)-3-(3,4-dihydroxyphenyl)-L-alanine | (−)-dopa | 3-Hydroxy-L-tyrosine | 3,4-Dihydroxy-L-phenylalanine | Dihydroxy-L-phenylalanine | L-3,4-dihydroxyphenylalanine | L-beta-(3,4-Dihydroxyphenyl)alanine | L-DOPA | LDOPA | Levodopa | Levodopum | β-(3,4-dihydroxyphenyl)-L-alanine | β-(3,4-dihydroxyphenyl)alanine']",IC50,59-92-7,46627O600J,N[C@@H](Cc1ccc(O)c(O)c1)C(=O)O,"InChI=1S/C9H11NO4/c10-6(9(13)14)3-5-1-2-7(11)8(12)4-5/h1-2,4,6,11-12H,3,10H2,(H,13,14)/t6-/m0/s1"
EGFR,methyldopa,DB00968,['(S)-(-)-alpha-Methyldopa | 3-Hydroxy-alpha-methyl-L-tyrosine | Alpha medopa | alpha-Methyl dopa | alpha-methyl-L-dopa | Alphamethyldopa | AMD | Anhydrous methyldopa | L-alpha-Methyldopa | L-Methyl Dopa | Methyl dopa | Methyldopa | Methyldopa anhydrous | metildopa | α-Methyl dopa | α-methyl-L-dopa'],IC50,555-30-6,M4R0H12F6M,C[C@](N)(Cc1ccc(O)c(O)c1)C(=O)O,"InChI=1S/C10H13NO4/c1-10(11,9(14)15)5-6-2-3-7(12)8(13)4-6/h2-4,12-13H,5,11H2,1H3,(H,14,15)/t10-/m0/s1"
EGFR,miconazole,DB01110,"['1-(2,4-Dichloro-beta-((2,4-dichlorobenzyl)oxy)phenethyl)imidazole | 1-[2-(2,4-Dichloro-benzyloxy)-2-(2,4-dichloro-phenyl)-ethyl]-1H-imidazole | Miconazol | Miconazole | Miconazolum']",IC50,22916-47-8,7NNO0D7S5M,Clc1ccc(COC(Cn2ccnc2)c2ccc(Cl)cc2Cl)c(Cl)c1,"InChI=1S/C18H14Cl4N2O/c19-13-2-1-12(16(21)7-13)10-25-18(9-24-6-5-23-11-24)15-4-3-14(20)8-17(15)22/h1-8,11,18H,9-10H2"
EGFR,mitoxantrone,DB01204,"['1,4-Bis(2-(2-hydroxyethylamino)ethyl)amino)-5,8-dihydroxyanthraquinone | Mitoxantrona | Mitoxantrone | Mitoxantronum']",IC50,65271-80-9,BZ114NVM5P,O=C1c2c(O)ccc(O)c2C(=O)c2c(NCCNCCO)ccc(NCCNCCO)c21,"InChI=1S/C22H28N4O6/c27-11-9-23-5-7-25-13-1-2-14(26-8-6-24-10-12-28)18-17(13)21(31)19-15(29)3-4-16(30)20(19)22(18)32/h1-4,23-30H,5-12H2"
EGFR,montelukast,DB00471,['(R-(E))-1-(((1-(3-(2-(7-Chloro-2-quinolinyl)ethenyl)phenyl)-3-(2-(1-hydroxy-1-methylethyl)phenyl)propyl)thio)methyl)cyclopropaneacetic acid | 1-[[[(1 R)-1-[3-[(1E)-2-(7-chloro-2-quinolinyl)ethenyl] phenyl]-3-[2-(1-hydroxy-1-methylethyl)phenyl]propyl]sulfanyl]methyl]cyclopropaneacetic acid | Montelukast | Montélukast | Montelukastum'],IC50,158966-92-8,MHM278SD3E,CC(C)(O)c1ccccc1CC[C@@H](SCC1(CC(=O)O)CC1)c1cccc(/C=C/c2ccc3ccc(Cl)cc3n2)c1,"InChI=1S/C35H36ClNO3S/c1-34(2,40)30-9-4-3-7-25(30)13-17-32(41-23-35(18-19-35)22-33(38)39)27-8-5-6-24(20-27)10-15-29-16-12-26-11-14-28(36)21-31(26)37-29/h3-12,14-16,20-21,32,40H,13,17-19,22-23H2,1-2H3,(H,38,39)/b15-10+/t32-/m1/s1"
EGFR,nelfinavir,DB00220,['Nelfinavir'],IC50,159989-64-7,HO3OGH5D7I,Cc1c(O)cccc1C(=O)N[C@@H](CSc1ccccc1)[C@H](O)CN1C[C@H]2CCCC[C@H]2C[C@H]1C(=O)NC(C)(C)C,"InChI=1S/C32H45N3O4S/c1-21-25(15-10-16-28(21)36)30(38)33-26(20-40-24-13-6-5-7-14-24)29(37)19-35-18-23-12-9-8-11-22(23)17-27(35)31(39)34-32(2,3)4/h5-7,10,13-16,22-23,26-27,29,36-37H,8-9,11-12,17-20H2,1-4H3,(H,33,38)(H,34,39)/t22-,23+,26-,27-,29+/m0/s1"
EGFR,niclosamide,DB06803,['Niclosamide'],IC50,50-65-7,8KK8CQ2K8G,O=C(Nc1ccc([N+](=O)[O-])cc1Cl)c1cc(Cl)ccc1O,"InChI=1S/C13H8Cl2N2O4/c14-7-1-4-12(18)9(5-7)13(19)16-11-3-2-8(17(20)21)6-10(11)15/h1-6,18H,(H,16,19)"
AURKA,niclosamide,DB06803,['Niclosamide'],IC50,50-65-7,8KK8CQ2K8G,O=C(Nc1ccc([N+](=O)[O-])cc1Cl)c1cc(Cl)ccc1O,"InChI=1S/C13H8Cl2N2O4/c14-7-1-4-12(18)9(5-7)13(19)16-11-3-2-8(17(20)21)6-10(11)15/h1-6,18H,(H,16,19)"
EGFR,perhexiline,DB01074,['Perhexilene | Perhexilina | Perhexiline | Perhexilinum'],IC50,6621-47-2,KU65374X44,C1CCC(C(CC2CCCCN2)C2CCCCC2)CC1,"InChI=1S/C19H35N/c1-3-9-16(10-4-1)19(17-11-5-2-6-12-17)15-18-13-7-8-14-20-18/h16-20H,1-15H2"
EGFR,sorafenib,DB00398,"[""4-(4-((((4-Chloro-3-(trifluoromethyl)phenyl)amino)carbonyl)amino)phenoxy)-N-methyl-2-pyridinecarboxamide | N-(4-Chloro-3-(trifluoromethyl)phenyl)-N'-(4-(2-(N-methylcarbamoyl)-4-pyridyloxy)phenyl)urea | Sorafénib | Sorafenib | Sorafenibum""]",IC50,284461-73-0,9ZOQ3TZI87,CNC(=O)c1cc(Oc2ccc(NC(=O)Nc3ccc(Cl)c(C(F)(F)F)c3)cc2)ccn1,"InChI=1S/C21H16ClF3N4O3/c1-26-19(30)18-11-15(8-9-27-18)32-14-5-2-12(3-6-14)28-20(31)29-13-4-7-17(22)16(10-13)21(23,24)25/h2-11H,1H3,(H,26,30)(H2,28,29,31)"
AURKA,sorafenib,DB00398,"[""4-(4-((((4-Chloro-3-(trifluoromethyl)phenyl)amino)carbonyl)amino)phenoxy)-N-methyl-2-pyridinecarboxamide | N-(4-Chloro-3-(trifluoromethyl)phenyl)-N'-(4-(2-(N-methylcarbamoyl)-4-pyridyloxy)phenyl)urea | Sorafénib | Sorafenib | Sorafenibum""]",IC50,284461-73-0,9ZOQ3TZI87,CNC(=O)c1cc(Oc2ccc(NC(=O)Nc3ccc(Cl)c(C(F)(F)F)c3)cc2)ccn1,"InChI=1S/C21H16ClF3N4O3/c1-26-19(30)18-11-15(8-9-27-18)32-14-5-2-12(3-6-14)28-20(31)29-13-4-7-17(22)16(10-13)21(23,24)25/h2-11H,1H3,(H,26,30)(H2,28,29,31)"
AURKA,sulfadiazine,DB00359,['2-sulfanilamidopyrimidine | 2-sulfanilylaminopyrimidine | 4-amino-N-2-pyrimidinylbenzenesulfonamide | N(1)-2-Pyrimidinylsulfanilamide | N(1)-2-Pyrimidylsulfanilamide | Sulfadiazin | Sulfadiazina | Sulfadiazine | Sulfadiazinum | Sulfapyrimidine | Sulphadiazine'],IC50,68-35-9,0N7609K889,Nc1ccc(S(=O)(=O)Nc2ncccn2)cc1,"InChI=1S/C10H10N4O2S/c11-8-2-4-9(5-3-8)17(15,16)14-10-12-6-1-7-13-10/h1-7H,11H2,(H,12,13,14)"
EGFR,suloctidil,DB13340,['Suloctidil'],IC50,54767-75-8,XV1N1XY17K,CCCCCCCCN[C@@H](C)[C@H](O)c1ccc(SC(C)C)cc1,"InChI=1S/C20H35NOS/c1-5-6-7-8-9-10-15-21-17(4)20(22)18-11-13-19(14-12-18)23-16(2)3/h11-14,16-17,20-22H,5-10,15H2,1-4H3/t17-,20-/m0/s1"
EGFR,sunitinib,DB01268,['Sunitinib | Sunitinibum'],Kd,557795-19-4,V99T50803M,CCN(CC)CCNC(=O)c1c(C)[nH]c(/C=C2\C(=O)Nc3ccc(F)cc32)c1C,"InChI=1S/C22H27FN4O2/c1-5-27(6-2)10-9-24-22(29)20-13(3)19(25-14(20)4)12-17-16-11-15(23)7-8-18(16)26-21(17)28/h7-8,11-12,25H,5-6,9-10H2,1-4H3,(H,24,29)(H,26,28)/b17-12-"
AURKA,sunitinib,DB01268,['Sunitinib | Sunitinibum'],Kd,557795-19-4,V99T50803M,CCN(CC)CCNC(=O)c1c(C)[nH]c(/C=C2\C(=O)Nc3ccc(F)cc32)c1C,"InChI=1S/C22H27FN4O2/c1-5-27(6-2)10-9-24-22(29)20-13(3)19(25-14(20)4)12-17-16-11-15(23)7-8-18(16)26-21(17)28/h7-8,11-12,25H,5-6,9-10H2,1-4H3,(H,24,29)(H,26,28)/b17-12-"
PIK3CA,sunitinib,DB01268,['Sunitinib | Sunitinibum'],IC50,557795-19-4,V99T50803M,CCN(CC)CCNC(=O)c1c(C)[nH]c(/C=C2\C(=O)Nc3ccc(F)cc32)c1C,"InChI=1S/C22H27FN4O2/c1-5-27(6-2)10-9-24-22(29)20-13(3)19(25-14(20)4)12-17-16-11-15(23)7-8-18(16)26-21(17)28/h7-8,11-12,25H,5-6,9-10H2,1-4H3,(H,24,29)(H,26,28)/b17-12-"
WEE1,sunitinib,DB01268,['Sunitinib | Sunitinibum'],Kd,557795-19-4,V99T50803M,CCN(CC)CCNC(=O)c1c(C)[nH]c(/C=C2\C(=O)Nc3ccc(F)cc32)c1C,"InChI=1S/C22H27FN4O2/c1-5-27(6-2)10-9-24-22(29)20-13(3)19(25-14(20)4)12-17-16-11-15(23)7-8-18(16)26-21(17)28/h7-8,11-12,25H,5-6,9-10H2,1-4H3,(H,24,29)(H,26,28)/b17-12-"
CDK4,sunitinib,DB01268,['Sunitinib | Sunitinibum'],Kd,557795-19-4,V99T50803M,CCN(CC)CCNC(=O)c1c(C)[nH]c(/C=C2\C(=O)Nc3ccc(F)cc32)c1C,"InChI=1S/C22H27FN4O2/c1-5-27(6-2)10-9-24-22(29)20-13(3)19(25-14(20)4)12-17-16-11-15(23)7-8-18(16)26-21(17)28/h7-8,11-12,25H,5-6,9-10H2,1-4H3,(H,24,29)(H,26,28)/b17-12-"
EGFR,tamoxifen,DB00675,"['(Z)-2-(4-(1,2-Diphenyl-1-butenyl)phenoxy)-N,N-dimethylethanamine | (Z)-2-(para-(1,2-Diphenyl-1-butenyl)phenoxy)-N,N-dimethylamine | 1-p-beta-Dimethylaminoethoxyphenyl-trans-1,2-diphenylbut-1-ene | 1-para-beta-Dimethylaminoethoxyphenyl-trans-1,2-diphenylbut-1-ene | Tamoxifen | Tamoxifène | Tamoxifene | Tamoxifeno | Tamoxifenum | trans-Tamoxifen']",IC50,10540-29-1,094ZI81Y45,CC/C(=C(\c1ccccc1)c1ccc(OCCN(C)C)cc1)c1ccccc1,"InChI=1S/C26H29NO/c1-4-25(21-11-7-5-8-12-21)26(22-13-9-6-10-14-22)23-15-17-24(18-16-23)28-20-19-27(2)3/h5-18H,4,19-20H2,1-3H3/b26-25-"
EGFR,terfenadine,DB00342,['(RS)-1-(4-tert-butylphenyl)-4-{4-[hydroxy(diphenyl)methyl]piperidin-1-yl}-butan-1-ol | Terfenadin | Terfenadina | Terfénadine | Terfenadine | Terfenadinum'],IC50,50679-08-8,7BA5G9Y06Q,CC(C)(C)c1ccc(C(O)CCCN2CCC(C(O)(c3ccccc3)c3ccccc3)CC2)cc1,"InChI=1S/C32H41NO2/c1-31(2,3)26-18-16-25(17-19-26)30(34)15-10-22-33-23-20-29(21-24-33)32(35,27-11-6-4-7-12-27)28-13-8-5-9-14-28/h4-9,11-14,16-19,29-30,34-35H,10,15,20-24H2,1-3H3"
EGFR,thioridazine,DB00679,"[""10-[2-(1-methyl-2-piperidyl)ethyl]-2-methylsulfanyl-phenothiazine | 2-Methylmercapto-10-(2-(N-methyl-2-piperidyl)ethyl)phenothiazine | 3-Methylmercapto-N-(2'-(N-methyl-2-piperidyl)ethyl)phenothiazine | Thioridazin | Thioridazine | Thioridazinum | Tioridazina""]",IC50,50-52-2,N3D6TG58NI,CSc1ccc2c(c1)N(CCC1CCCCN1C)c1ccccc1S2,"InChI=1S/C21H26N2S2/c1-22-13-6-5-7-16(22)12-14-23-18-8-3-4-9-20(18)25-21-11-10-17(24-2)15-19(21)23/h3-4,8-11,15-16H,5-7,12-14H2,1-2H3"
EGFR,zafirlukast,DB00549,['4-(5-cyclopentyloxycarbonylamino-1-methyl-1H-indol-3-ylmethyl)-3-methoxy-N-o-tolylsulfonylbenzamide | cyclopentyl 3-(2-methoxy-4-((o-tolylsulfonyl)carbamoyl)benzyl)-1-methylindole-5-carbamate | Zafirlukast'],IC50,107753-78-6,XZ629S5L50,COc1cc(C(=O)NS(=O)(=O)c2ccccc2C)ccc1Cc1cn(C)c2ccc(NC(=O)OC3CCCC3)cc12,"InChI=1S/C31H33N3O6S/c1-20-8-4-7-11-29(20)41(37,38)33-30(35)22-13-12-21(28(17-22)39-3)16-23-19-34(2)27-15-14-24(18-26(23)27)32-31(36)40-25-9-5-6-10-25/h4,7-8,11-15,17-19,25H,5-6,9-10,16H2,1-3H3,(H,32,36)(H,33,35)"
EGFR,bithionol,DB04813,"[""2-Hydroxy-3,5-dichlorophenyl sulfide | 2-Hydroxy-3,5-dichlorophenyl sulphide | 2,2'-Dihydroxy-3,3',5,5'-tetrachlorodiphenyl sulfide | 2,2'-Dihydroxy-3,3',5,5'-tetrachlorodiphenylsulfide | 2,2'-sulfanediylbis(4,6-dichlorophenol) | 2,2'-Thiobis(4,6-dichlorophenol) | Bis(3,5-dichloro-2-hydroxyphenyl) sulfide | Bithionol | Bithionol sulfide | Bithionolate | Bithionolum | Bitionol""]",IC50,97-18-7,AMT77LS62O,Oc1c(Cl)cc(Cl)cc1Sc1cc(Cl)cc(Cl)c1O,"InChI=1S/C12H6Cl4O2S/c13-5-1-7(15)11(17)9(3-5)19-10-4-6(14)2-8(16)12(10)18/h1-4,17-18H"
EGFR,quercetin,DB04216,"[""2-(3,4-dihydroxyphenyl)-3,5,7-trihydroxy-4H-1-benzopyran-4-one | 3,3',4',5,7-pentahydroxyflavone | 3,5,7,3',4'-Pentahydroxyflavone | 3'-HYDROXYKAEMPFEROL | FLAVONE, 3,3',4',5,7-PENTAHYDROXY- | poly (lactide-co-glycolide)-polyethylene glycol nanoparticles encapsulating quercetin | Quercetin | Sophoretin | Xanthaurine""]",IC50,117-39-5,9IKM0I5T1E,O=c1c(O)c(-c2ccc(O)c(O)c2)oc2cc(O)cc(O)c12,"InChI=1S/C15H10O7/c16-7-4-10(19)12-11(5-7)22-15(14(21)13(12)20)6-1-2-8(17)9(18)3-6/h1-5,16-19,21H"
CDK6,quercetin,DB04216,"[""2-(3,4-dihydroxyphenyl)-3,5,7-trihydroxy-4H-1-benzopyran-4-one | 3,3',4',5,7-pentahydroxyflavone | 3,5,7,3',4'-Pentahydroxyflavone | 3'-HYDROXYKAEMPFEROL | FLAVONE, 3,3',4',5,7-PENTAHYDROXY- | poly (lactide-co-glycolide)-polyethylene glycol nanoparticles encapsulating quercetin | Quercetin | Sophoretin | Xanthaurine""]",IC50,117-39-5,9IKM0I5T1E,O=c1c(O)c(-c2ccc(O)c(O)c2)oc2cc(O)cc(O)c12,"InChI=1S/C15H10O7/c16-7-4-10(19)12-11(5-7)22-15(14(21)13(12)20)6-1-2-8(17)9(18)3-6/h1-5,16-19,21H"
EGFR,ruboxistaurin,DB11829,['Ruboxistaurin'],Kd,169939-94-0,721809WQCP,CN(C)C[C@@H]1CCn2cc(c3ccccc32)C2=C(C(=O)NC2=O)c2cn(c3ccccc23)CCO1,"InChI=1S/C28H28N4O3/c1-30(2)15-18-11-12-31-16-21(19-7-3-5-9-23(19)31)25-26(28(34)29-27(25)33)22-17-32(13-14-35-18)24-10-6-4-8-20(22)24/h3-10,16-18H,11-15H2,1-2H3,(H,29,33,34)/t18-/m0/s1"
CDK4,ruboxistaurin,DB11829,['Ruboxistaurin'],Kd,169939-94-0,721809WQCP,CN(C)C[C@@H]1CCn2cc(c3ccccc32)C2=C(C(=O)NC2=O)c2cn(c3ccccc23)CCO1,"InChI=1S/C28H28N4O3/c1-30(2)15-18-11-12-31-16-21(19-7-3-5-9-23(19)31)25-26(28(34)29-27(25)33)22-17-32(13-14-35-18)24-10-6-4-8-20(22)24/h3-10,16-18H,11-15H2,1-2H3,(H,29,33,34)/t18-/m0/s1"
PARP1,chlorthenoxazine,,[],IC50,,,,
EGFR,tirilazad,DB13050,['Tirilazad'],IC50,110101-66-1,YD064E883I,C[C@@H]1C[C@H]2[C@@H]3CCC4=CC(=O)C=C[C@]4(C)C3=CC[C@]2(C)[C@H]1C(=O)CN1CCN(c2cc(N3CCCC3)nc(N3CCCC3)n2)CC1,"InChI=1S/C38H52N6O2/c1-26-22-31-29-9-8-27-23-28(45)10-12-37(27,2)30(29)11-13-38(31,3)35(26)32(46)25-41-18-20-43(21-19-41)34-24-33(42-14-4-5-15-42)39-36(40-34)44-16-6-7-17-44/h10-12,23-24,26,29,31,35H,4-9,13-22,25H2,1-3H3/t26-,29-,31+,35-,37+,38+/m1/s1"
AURKA,pazopanib,DB06589,['Pazopanib | Pazopanibum'],Kd,444731-52-6,7RN5DR86CK,Cc1ccc(Nc2nccc(N(C)c3ccc4c(C)n(C)nc4c3)n2)cc1S(N)(=O)=O,"InChI=1S/C21H23N7O2S/c1-13-5-6-15(11-19(13)31(22,29)30)24-21-23-10-9-20(25-21)27(3)16-7-8-17-14(2)28(4)26-18(17)12-16/h5-12H,1-4H3,(H2,22,29,30)(H,23,24,25)"
EGFR,gentian violet,,[],IC50,,,,
AURKA,sulfadiazine silver,,[],IC50,,,,
EGFR,vandetanib,DB05294,['N-(4-Bromo-2-fluorophenyl)-6-methoxy-7-((1-methyl-4-piperidinyl)methoxy)-4-quinazolinamine | N-(4-Bromo-2-fluorophenyl)-6-methoxy-7-((1-methylpiperidin-4-yl)methoxy)quinazolin-4-amine | Vandetanib'],Kd,443913-73-3,YO460OQ37K,COc1cc2c(Nc3ccc(Br)cc3F)ncnc2cc1OCC1CCN(C)CC1,"InChI=1S/C22H24BrFN4O2/c1-28-7-5-14(6-8-28)12-30-21-11-19-16(10-20(21)29-2)22(26-13-25-19)27-18-4-3-15(23)9-17(18)24/h3-4,9-11,13-14H,5-8,12H2,1-2H3,(H,25,26,27)"
KRAS,vemurafenib,DB08881,['Vémurafénib | Vemurafenib | Vemurafenibum'],IC50,918504-65-1,207SMY3FQT,CCCS(=O)(=O)Nc1ccc(F)c(C(=O)c2c[nH]c3ncc(-c4ccc(Cl)cc4)cc23)c1F,"InChI=1S/C23H18ClF2N3O3S/c1-2-9-33(31,32)29-19-8-7-18(25)20(21(19)26)22(30)17-12-28-23-16(17)10-14(11-27-23)13-3-5-15(24)6-4-13/h3-8,10-12,29H,2,9H2,1H3,(H,27,28)"
EGFR,crizotinib,DB08865,['(R)-crizotinib | Crizotinib | Crizotinibum'],Kd,877399-52-5,53AH36668S,C[C@@H](Oc1cc(-c2cnn(C3CCNCC3)c2)cnc1N)c1c(Cl)ccc(F)c1Cl,"InChI=1S/C21H22Cl2FN5O/c1-12(19-16(22)2-3-17(24)20(19)23)30-18-8-13(9-27-21(18)25)14-10-28-29(11-14)15-4-6-26-7-5-15/h2-3,8-12,15,26H,4-7H2,1H3,(H2,25,27)/t12-/m1/s1"
AURKA,crizotinib,DB08865,['(R)-crizotinib | Crizotinib | Crizotinibum'],Kd,877399-52-5,53AH36668S,C[C@@H](Oc1cc(-c2cnn(C3CCNCC3)c2)cnc1N)c1c(Cl)ccc(F)c1Cl,"InChI=1S/C21H22Cl2FN5O/c1-12(19-16(22)2-3-17(24)20(19)23)30-18-8-13(9-27-21(18)25)14-10-28-29(11-14)15-4-6-26-7-5-15/h2-3,8-12,15,26H,4-7H2,1H3,(H2,25,27)/t12-/m1/s1"
EGFR,axitinib,DB06626,['AR-14034 | Axitinib | Axitinibum | N-methyl-2-[[3-[(E)-2-pyridin-2-ylethenyl]-1H-indazol-6-yl]sulfanyl]benzamide'],Kd,319460-85-0,C9LVQ0YUXG,CNC(=O)c1ccccc1Sc1ccc2c(/C=C/c3ccccn3)n[nH]c2c1,"InChI=1S/C22H18N4OS/c1-23-22(27)18-7-2-3-8-21(18)28-16-10-11-17-19(25-26-20(17)14-16)12-9-15-6-4-5-13-24-15/h2-14H,1H3,(H,23,27)(H,25,26)/b12-9+"
AURKA,axitinib,DB06626,['AR-14034 | Axitinib | Axitinibum | N-methyl-2-[[3-[(E)-2-pyridin-2-ylethenyl]-1H-indazol-6-yl]sulfanyl]benzamide'],Kd,319460-85-0,C9LVQ0YUXG,CNC(=O)c1ccccc1Sc1ccc2c(/C=C/c3ccccn3)n[nH]c2c1,"InChI=1S/C22H18N4OS/c1-23-22(27)18-7-2-3-8-21(18)28-16-10-11-17-19(25-26-20(17)14-16)12-9-15-6-4-5-13-24-15/h2-14H,1H3,(H,23,27)(H,25,26)/b12-9+"
EGFR,afatinib,DB08916,['Afatinib | Afatinibum'],Kd,850140-72-6,41UD74L59M,CN(C)C/C=C/C(=O)Nc1cc2c(Nc3ccc(F)c(Cl)c3)ncnc2cc1O[C@H]1CCOC1,"InChI=1S/C24H25ClFN5O3/c1-31(2)8-3-4-23(32)30-21-11-17-20(12-22(21)34-16-7-9-33-13-16)27-14-28-24(17)29-15-5-6-19(26)18(25)10-15/h3-6,10-12,14,16H,7-9,13H2,1-2H3,(H,30,32)(H,27,28,29)/b4-3+/t16-/m0/s1"
EGFR,zinc chloride,DB14533,['Zinc chloride'],IC50,7646-85-7,86Q357L16B,[Cl-].[Cl-].[Zn+2],InChI=1S/2ClH.Zn/h2*1H;/q;;+2/p-2
EGFR,bosutinib,DB06616,"['4-((2,4-dichloro-5-methoxyphenyl)amino)-6-methoxy-7-(3-(4-methyl-1-piperazinyl)propoxy)-3-quinolinecarbonitrile | Bosutinib']",Kd,380843-75-4,5018V4AEZ0,COc1cc(Nc2c(C#N)cnc3cc(OCCCN4CCN(C)CC4)c(OC)cc23)c(Cl)cc1Cl,"InChI=1S/C26H29Cl2N5O3/c1-32-6-8-33(9-7-32)5-4-10-36-25-13-21-18(11-24(25)35-3)26(17(15-29)16-30-21)31-22-14-23(34-2)20(28)12-19(22)27/h11-14,16H,4-10H2,1-3H3,(H,30,31)"
WEE1,bosutinib,DB06616,"['4-((2,4-dichloro-5-methoxyphenyl)amino)-6-methoxy-7-(3-(4-methyl-1-piperazinyl)propoxy)-3-quinolinecarbonitrile | Bosutinib']",Kd,380843-75-4,5018V4AEZ0,COc1cc(Nc2c(C#N)cnc3cc(OCCCN4CCN(C)CC4)c(OC)cc23)c(Cl)cc1Cl,"InChI=1S/C26H29Cl2N5O3/c1-32-6-8-33(9-7-32)5-4-10-36-25-13-21-18(11-24(25)35-3)26(17(15-29)16-30-21)31-22-14-23(34-2)20(28)12-19(22)27/h11-14,16H,4-10H2,1-3H3,(H,30,31)"
EGFR,cisplatin,DB00515,"[""(SP-4-2)-DIAMMINEDICHLOROPLATINUM | CDDP | Cis-DDP | CIS-DIAMMINEDICHLOROPLATINUM | CIS-DIAMMINEDICHLOROPLATINUM II | cis-diamminedichloroplatinum(II) | Cis-platinum | Cisplantin | Cisplatin | Cisplatine | cisplatino | Cisplatinum | INT-230-6 COMPONENT CISPLATIN | INT230-6 COMPONENT CISPLATIN | Peyrone's Chloride | Peyrone's Salt | PLATINUM, DIAMMINEDICHLORO-, (SP-4-2)-""]",IC50,15663-27-1,Q20Q21Q62J,[NH2][Pt]([NH2])([Cl])[Cl],InChI=1S/2ClH.2H2N.Pt/h2*1H;2*1H2;/q;;2*-1;+4/p-2
EGFR,colistin,DB00803,['Colimycin | Colistin | Colistina | Colistine | Colistinum | Kolimycin | Polymyxin E'],IC50,1066-17-7,Z67X93HJG1,,
EGFR,sodium aurothiomalate,DB09276,['Aurotiomalato sodico | Gold sodium thiomalate | Natrii aurothiomalas | Sodium aurothiomalate'],IC50,12244-57-4,HRS6S09A0H,O=C([O-])CC([S][Au])C(=O)[O-].[Na+].[Na+],"InChI=1S/C4H6O4S.Au.2Na/c5-3(6)1-2(9)4(7)8;;;/h2,9H,1H2,(H,5,6)(H,7,8);;;/q;3*+1/p-3"
EGFR,cabozantinib,DB08875,['Cabozantinib'],IC50,849217-68-1,1C39JW444G,COc1cc2nccc(Oc3ccc(NC(=O)C4(C(=O)Nc5ccc(F)cc5)CC4)cc3)c2cc1OC,"InChI=1S/C28H24FN3O5/c1-35-24-15-21-22(16-25(24)36-2)30-14-11-23(21)37-20-9-7-19(8-10-20)32-27(34)28(12-13-28)26(33)31-18-5-3-17(29)4-6-18/h3-11,14-16H,12-13H2,1-2H3,(H,31,33)(H,32,34)"
AURKA,cabozantinib,DB08875,['Cabozantinib'],Kd,849217-68-1,1C39JW444G,COc1cc2nccc(Oc3ccc(NC(=O)C4(C(=O)Nc5ccc(F)cc5)CC4)cc3)c2cc1OC,"InChI=1S/C28H24FN3O5/c1-35-24-15-21-22(16-25(24)36-2)30-14-11-23(21)37-20-9-7-19(8-10-20)32-27(34)28(12-13-28)26(33)31-18-5-3-17(29)4-6-18/h3-11,14-16H,12-13H2,1-2H3,(H,31,33)(H,32,34)"
KRAS,dabrafenib,DB08912,['Dabrafenib'],IC50,1195765-45-7,QGP4HA4G1B,CC(C)(C)c1nc(-c2cccc(NS(=O)(=O)c3c(F)cccc3F)c2F)c(-c2ccnc(N)n2)s1,"InChI=1S/C23H20F3N5O2S2/c1-23(2,3)21-30-18(19(34-21)16-10-11-28-22(27)29-16)12-6-4-9-15(17(12)26)31-35(32,33)20-13(24)7-5-8-14(20)25/h4-11,31H,1-3H3,(H2,27,28,29)"
EGFR,ibrutinib,DB09053,"['1-[(3R)-3-[4-Amino-3-(4-phenoxyphenyl)-1H-pyrazolo[3,4-d]pyrimidin-1-yl]piperidin-1-yl]prop-2-en-1-one | Ibrutinib']",IC50,936563-96-1,1X70OSD4VX,C=CC(=O)N1CCC[C@@H](n2nc(-c3ccc(Oc4ccccc4)cc3)c3c(N)ncnc32)C1,"InChI=1S/C25H24N6O2/c1-2-21(32)30-14-6-7-18(15-30)31-25-22(24(26)27-16-28-25)23(29-31)17-10-12-20(13-11-17)33-19-8-4-3-5-9-19/h2-5,8-13,16,18H,1,6-7,14-15H2,(H2,26,27,28)/t18-/m1/s1"
EGFR,ceritinib,DB09063,['Ceritinib | Céritinib | Ceritinibum | N-{2-[(5-chloro-2-{[2-isopropoxy-5-methyl-4-(piperidin-4-yl)phenyl]amino}pyrimidin-4-yl)amino]phenyl}propane-2-sulfonamide'],IC50,1032900-25-6,K418KG2GET,Cc1cc(Nc2ncc(Cl)c(Nc3ccccc3S(=O)(=O)C(C)C)n2)c(OC(C)C)cc1C1CCNCC1,"InChI=1S/C28H36ClN5O3S/c1-17(2)37-25-15-21(20-10-12-30-13-11-20)19(5)14-24(25)33-28-31-16-22(29)27(34-28)32-23-8-6-7-9-26(23)38(35,36)18(3)4/h6-9,14-18,20,30H,10-13H2,1-5H3,(H2,31,32,33,34)"
CDK4,ceritinib,DB09063,['Ceritinib | Céritinib | Ceritinibum | N-{2-[(5-chloro-2-{[2-isopropoxy-5-methyl-4-(piperidin-4-yl)phenyl]amino}pyrimidin-4-yl)amino]phenyl}propane-2-sulfonamide'],IC50,1032900-25-6,K418KG2GET,Cc1cc(Nc2ncc(Cl)c(Nc3ccccc3S(=O)(=O)C(C)C)n2)c(OC(C)C)cc1C1CCNCC1,"InChI=1S/C28H36ClN5O3S/c1-17(2)37-25-15-21(20-10-12-30-13-11-20)19(5)14-24(25)33-28-31-16-22(29)27(34-28)32-23-8-6-7-9-26(23)38(35,36)18(3)4/h6-9,14-18,20,30H,10-13H2,1-5H3,(H2,31,32,33,34)"
PIK3CA,idelalisib,DB09054,['5-Fluoro-3-phenyl-2-((S)-1-(9H-purin-6-ylamino)-propyl)-3H-quinazolin-4-one | 5-fluoro-3-phenyl-2-[(1S)-1-(3H-purin-6-ylamino)propyl]quinazolin-4(3H)-one | Idelalisib'],IC50,870281-82-6,YG57I8T5M0,CC[C@H](Nc1ncnc2[nH]cnc12)c1nc2cccc(F)c2c(=O)n1-c1ccccc1,"InChI=1S/C22H18FN7O/c1-2-15(28-20-18-19(25-11-24-18)26-12-27-20)21-29-16-10-6-9-14(23)17(16)22(31)30(21)13-7-4-3-5-8-13/h3-12,15H,2H2,1H3,(H2,24,25,26,27,28)/t15-/m0/s1"
WEE1,nintedanib,DB09079,"['methyl (3Z)-3-[(4-{methyl[(4-methylpiperazin-1-yl)acetyl]amino}anilino)(phenyl)methylidene]-2-oxo-2,3-dihydro-1H-indole-6-carboxylate | Nintedanib']",Kd,656247-17-5,G6HRD2P839,COC(=O)c1ccc2c(c1)NC(=O)/C2=C(\Nc1ccc(N(C)C(=O)CN2CCN(C)CC2)cc1)c1ccccc1,"InChI=1S/C31H33N5O4/c1-34-15-17-36(18-16-34)20-27(37)35(2)24-12-10-23(11-13-24)32-29(21-7-5-4-6-8-21)28-25-14-9-22(31(39)40-3)19-26(25)33-30(28)38/h4-14,19,32H,15-18,20H2,1-3H3,(H,33,38)/b29-28-"
CDK4,nintedanib,DB09079,"['methyl (3Z)-3-[(4-{methyl[(4-methylpiperazin-1-yl)acetyl]amino}anilino)(phenyl)methylidene]-2-oxo-2,3-dihydro-1H-indole-6-carboxylate | Nintedanib']",Kd,656247-17-5,G6HRD2P839,COC(=O)c1ccc2c(c1)NC(=O)/C2=C(\Nc1ccc(N(C)C(=O)CN2CCN(C)CC2)cc1)c1ccccc1,"InChI=1S/C31H33N5O4/c1-34-15-17-36(18-16-34)20-27(37)35(2)24-12-10-23(11-13-24)32-29(21-7-5-4-6-8-21)28-25-14-9-22(31(39)40-3)19-26(25)33-30(28)38/h4-14,19,32H,15-18,20H2,1-3H3,(H,33,38)/b29-28-"
PARP1,olaparib,DB09074,['4-(3-{[4-(cyclopropylcarbonyl)piperazin-1-yl]carbonyl}-4-fluorobenzyl)phthalazin-1(2H)-one | Olaparib'],IC50,763113-22-0,WOH1JD9AR8,O=C(c1cc(Cc2n[nH]c(=O)c3ccccc23)ccc1F)N1CCN(C(=O)C2CC2)CC1,"InChI=1S/C24H23FN4O3/c25-20-8-5-15(14-21-17-3-1-2-4-18(17)22(30)27-26-21)13-19(20)24(32)29-11-9-28(10-12-29)23(31)16-6-7-16/h1-5,8,13,16H,6-7,9-12,14H2,(H,27,30)"
CDK6,palbociclib,DB09073,"['6-Acetyl-8-cyclopentyl-5-methyl-2-((5-(piperazin-1-yl)pyridin-2-yl)amino)-8h-pyrido(2,3-d)pyrimidin-7-one | 6-acetyl-8-cyclopentyl-5-methyl-2-{[5-(piperazin-1-yl)pyridin-2-yl]amino}pyrido[2,3-d]pyrimidin-7(8H)-one | Palbociclib']",IC50,571190-30-2,G9ZF61LE7G,CC(=O)c1c(C)c2cnc(Nc3ccc(N4CCNCC4)cn3)nc2n(C2CCCC2)c1=O,"InChI=1S/C24H29N7O2/c1-15-19-14-27-24(28-20-8-7-18(13-26-20)30-11-9-25-10-12-30)29-22(19)31(17-5-3-4-6-17)23(33)21(15)16(2)32/h7-8,13-14,17,25H,3-6,9-12H2,1-2H3,(H,26,27,28,29)"
CDK4,palbociclib,DB09073,"['6-Acetyl-8-cyclopentyl-5-methyl-2-((5-(piperazin-1-yl)pyridin-2-yl)amino)-8h-pyrido(2,3-d)pyrimidin-7-one | 6-acetyl-8-cyclopentyl-5-methyl-2-{[5-(piperazin-1-yl)pyridin-2-yl]amino}pyrido[2,3-d]pyrimidin-7(8H)-one | Palbociclib']",IC50,571190-30-2,G9ZF61LE7G,CC(=O)c1c(C)c2cnc(Nc3ccc(N4CCNCC4)cn3)nc2n(C2CCCC2)c1=O,"InChI=1S/C24H29N7O2/c1-15-19-14-27-24(28-20-8-7-18(13-26-20)30-11-9-25-10-12-30)29-22(19)31(17-5-3-4-6-17)23(33)21(15)16(2)32/h7-8,13-14,17,25H,3-6,9-12H2,1-2H3,(H,26,27,28,29)"
EGFR,lenvatinib,DB09078,['4-{3-chloro-4-[(cyclopropylcarbamoyl)amino]phenoxy}-7-methoxyquinoline-6-carboxamide | Lenvatinib'],IC50,417716-92-8,EE083865G2,COc1cc2nccc(Oc3ccc(NC(=O)NC4CC4)c(Cl)c3)c2cc1C(N)=O,"InChI=1S/C21H19ClN4O4/c1-29-19-10-17-13(9-14(19)20(23)27)18(6-7-24-17)30-12-4-5-16(15(22)8-12)26-21(28)25-11-2-3-11/h4-11H,2-3H2,1H3,(H2,23,27)(H2,25,26,28)"
EGFR,cetuximab,DB00002,['Cetuximab | Cétuximab | Cetuximabum | Chimeric MoAb C225 | Chimeric Monoclonal Antibody C225'],Kd,205923-56-4,PQX0D8J21J,,
EGFR,panitumumab,DB01269,['ABX-EGF | Panitumumab'],Kd,339177-26-3,6A901E312A,,
EGFR,osimertinib,DB09330,['Mereletinib | N-(2-{[2-(dimethylamino)ethyl](methyl)amino}-4-methoxy-5-{[4-(1-methyl-1H-indol-3-yl)pyrimidin-2-yl]amino}phenyl)prop-2-enamide | Osimertinib | Osimertinibum'],IC50,1421373-65-0,3C06JJ0Z2O,C=CC(=O)Nc1cc(Nc2nccc(-c3cn(C)c4ccccc34)n2)c(OC)cc1N(C)CCN(C)C,"InChI=1S/C28H33N7O2/c1-7-27(36)30-22-16-23(26(37-6)17-25(22)34(4)15-14-33(2)3)32-28-29-13-12-21(31-28)20-18-35(5)24-11-9-8-10-19(20)24/h7-13,16-18H,1,14-15H2,2-6H3,(H,30,36)(H,29,31,32)"
EGFR,necitumumab,DB09559,['Necitumumab'],Kd,906805-06-9,2BT4C47RUI,,
EGFR,chromic chloride,DB09129,['anhydrous chromium(III) chloride | Chromic chloride | Chromium chloride | Chromium trichloride | chromium(3+) trichloride | Chromium(III) chloride | Puratronic chromium chloride | Trichlorochromium'],IC50,10025-73-7,Z310X5O5RP,[Cl-].[Cl-].[Cl-].[Cr+3],InChI=1S/3ClH.Cr/h3*1H;/q;;;+3/p-3
PARP1,rucaparib,DB12332,['Rucaparib'],IC50,283173-50-2,8237F3U7EH,CNCc1ccc(-c2[nH]c3cc(F)cc4c3c2CCNC4=O)cc1,"InChI=1S/C19H18FN3O/c1-21-10-11-2-4-12(5-3-11)18-14-6-7-22-19(24)15-8-13(20)9-16(23-18)17(14)15/h2-5,8-9,21,23H,6-7,10H2,1H3,(H,22,24)"
EGFR,icotinib,DB11737,['BPI-2009 | Icotinib'],IC50,610798-31-7,9G6U5L461Q,C#Cc1cccc(Nc2ncnc3cc4c(cc23)OCCOCCOCCO4)c1,"InChI=1S/C22H21N3O4/c1-2-16-4-3-5-17(12-16)25-22-18-13-20-21(14-19(18)23-15-24-22)29-11-9-27-7-6-26-8-10-28-20/h1,3-5,12-15H,6-11H2,(H,23,24,25)"
EGFR,olmutinib,DB13164,['Olmutinib'],IC50,1353550-13-6,CHL9B67L95,C=CC(=O)Nc1cccc(Oc2nc(Nc3ccc(N4CCN(C)CC4)cc3)nc3ccsc23)c1,"InChI=1S/C26H26N6O2S/c1-3-23(33)27-19-5-4-6-21(17-19)34-25-24-22(11-16-35-24)29-26(30-25)28-18-7-9-20(10-8-18)32-14-12-31(2)13-15-32/h3-11,16-17H,1,12-15H2,2H3,(H,27,33)(H,28,29,30)"
CDK6,ribociclib,DB11730,['Ribociclib'],IC50,1211441-98-3,TK8ERE8P56,CN(C)C(=O)c1cc2cnc(Nc3ccc(N4CCNCC4)cn3)nc2n1C1CCCC1,"InChI=1S/C23H30N8O/c1-29(2)22(32)19-13-16-14-26-23(28-21(16)31(19)17-5-3-4-6-17)27-20-8-7-18(15-25-20)30-11-9-24-10-12-30/h7-8,13-15,17,24H,3-6,9-12H2,1-2H3,(H,25,26,27,28)"
CDK4,ribociclib,DB11730,['Ribociclib'],IC50,1211441-98-3,TK8ERE8P56,CN(C)C(=O)c1cc2cnc(Nc3ccc(N4CCNCC4)cn3)nc2n1C1CCCC1,"InChI=1S/C23H30N8O/c1-29(2)22(32)19-13-16-14-26-23(28-21(16)31(19)17-5-3-4-6-17)27-20-8-7-18(15-25-20)30-11-9-24-10-12-30/h7-8,13-15,17,24H,3-6,9-12H2,1-2H3,(H,25,26,27,28)"
PARP1,niraparib,DB11793,['Niraparib'],IC50,1038915-60-4,HMC2H89N35,NC(=O)c1cccc2cn(-c3ccc([C@@H]4CCCNC4)cc3)nc12,"InChI=1S/C19H20N4O/c20-19(24)17-5-1-3-15-12-23(22-18(15)17)16-8-6-13(7-9-16)14-4-2-10-21-11-14/h1,3,5-9,12,14,21H,2,4,10-11H2,(H2,20,24)/t14-/m1/s1"
EGFR,midostaurin,DB06595,"[""4'-N-benzoylstaurosporine | Midostaurin""]",Kd,120685-11-2,ID912S5VON,CO[C@@H]1[C@H](N(C)C(=O)c2ccccc2)C[C@H]2O[C@]1(C)n1c3ccccc3c3c4c(c5c6ccccc6n2c5c31)C(=O)NC4,"InChI=1S/C35H30N4O4/c1-35-32(42-3)25(37(2)34(41)19-11-5-4-6-12-19)17-26(43-35)38-23-15-9-7-13-20(23)28-29-22(18-36-33(29)40)27-21-14-8-10-16-24(21)39(35)31(27)30(28)38/h4-16,25-26,32H,17-18H2,1-3H3,(H,36,40)/t25-,26-,32-,35+/m1/s1"
AURKA,midostaurin,DB06595,"[""4'-N-benzoylstaurosporine | Midostaurin""]",IC50,120685-11-2,ID912S5VON,CO[C@@H]1[C@H](N(C)C(=O)c2ccccc2)C[C@H]2O[C@]1(C)n1c3ccccc3c3c4c(c5c6ccccc6n2c5c31)C(=O)NC4,"InChI=1S/C35H30N4O4/c1-35-32(42-3)25(37(2)34(41)19-11-5-4-6-12-19)17-26(43-35)38-23-15-9-7-13-20(23)28-29-22(18-36-33(29)40)27-21-14-8-10-16-24(21)39(35)31(27)30(28)38/h4-16,25-26,32H,17-18H2,1-3H3,(H,36,40)/t25-,26-,32-,35+/m1/s1"
PIK3CA,midostaurin,DB06595,"[""4'-N-benzoylstaurosporine | Midostaurin""]",Kd,120685-11-2,ID912S5VON,CO[C@@H]1[C@H](N(C)C(=O)c2ccccc2)C[C@H]2O[C@]1(C)n1c3ccccc3c3c4c(c5c6ccccc6n2c5c31)C(=O)NC4,"InChI=1S/C35H30N4O4/c1-35-32(42-3)25(37(2)34(41)19-11-5-4-6-12-19)17-26(43-35)38-23-15-9-7-13-20(23)28-29-22(18-36-33(29)40)27-21-14-8-10-16-24(21)39(35)31(27)30(28)38/h4-16,25-26,32H,17-18H2,1-3H3,(H,36,40)/t25-,26-,32-,35+/m1/s1"
WEE1,midostaurin,DB06595,"[""4'-N-benzoylstaurosporine | Midostaurin""]",Kd,120685-11-2,ID912S5VON,CO[C@@H]1[C@H](N(C)C(=O)c2ccccc2)C[C@H]2O[C@]1(C)n1c3ccccc3c3c4c(c5c6ccccc6n2c5c31)C(=O)NC4,"InChI=1S/C35H30N4O4/c1-35-32(42-3)25(37(2)34(41)19-11-5-4-6-12-19)17-26(43-35)38-23-15-9-7-13-20(23)28-29-22(18-36-33(29)40)27-21-14-8-10-16-24(21)39(35)31(27)30(28)38/h4-16,25-26,32H,17-18H2,1-3H3,(H,36,40)/t25-,26-,32-,35+/m1/s1"
EGFR,brigatinib,DB12267,['Brigatinib'],IC50,1197953-54-0,HYW8DB273J,COc1cc(N2CCC(N3CCN(C)CC3)CC2)ccc1Nc1ncc(Cl)c(Nc2ccccc2P(C)(C)=O)n1,"InChI=1S/C29H39ClN7O2P/c1-35-15-17-37(18-16-35)21-11-13-36(14-12-21)22-9-10-24(26(19-22)39-2)33-29-31-20-23(30)28(34-29)32-25-7-5-6-8-27(25)40(3,4)38/h5-10,19-21H,11-18H2,1-4H3,(H2,31,32,33,34)"
WEE1,neratinib,DB11828,['Neratinib | 奈拉替尼'],Kd,698387-09-6,JJH94R3PWB,CCOc1cc2ncc(C#N)c(Nc3ccc(OCc4ccccn4)c(Cl)c3)c2cc1NC(=O)/C=C/CN(C)C,"InChI=1S/C30H29ClN6O3/c1-4-39-28-16-25-23(15-26(28)36-29(38)9-7-13-37(2)3)30(20(17-32)18-34-25)35-21-10-11-27(24(31)14-21)40-19-22-8-5-6-12-33-22/h5-12,14-16,18H,4,13,19H2,1-3H3,(H,34,35)(H,36,38)/b9-7+"
EGFR,neratinib,DB11828,['Neratinib | 奈拉替尼'],IC50,698387-09-6,JJH94R3PWB,CCOc1cc2ncc(C#N)c(Nc3ccc(OCc4ccccn4)c(Cl)c3)c2cc1NC(=O)/C=C/CN(C)C,"InChI=1S/C30H29ClN6O3/c1-4-39-28-16-25-23(15-26(28)36-29(38)9-7-13-37(2)3)30(20(17-32)18-34-25)35-21-10-11-27(24(31)14-21)40-19-22-8-5-6-12-33-22/h5-12,14-16,18H,4,13,19H2,1-3H3,(H,34,35)(H,36,38)/b9-7+"
PIK3CA,copanlisib,DB12483,"['2-AMINO-N-(7-METHOXY-8-(3-(MORPHOLIN-4-YL)PROPOXY)-2,3-DIHYDROIMIDAZO(1,2-C)QUINAZOLIN-5-YL(PYRIMIDINE-5-CARBOXAMIDE | 2-AMINO-N-(7-METHOXY-8-(3-MORPHOLIN-4-YLPROPOXY)-2,3-DIHYDROIMIDAZO(1,2-C)QUINAZOLIN-5-YL)PYRIMIDINE-5-CARBOXAMIDE | 5-PYRIMIDINECARBOXAMIDE, 2-AMINO-N-(2,3-DIHYDRO-7-METHOXY-8-(3-(4-MORPHOLINYL)PROPOXY)IMIDAZO(1,2-C)QUINAZOLIN-5-YL)- | Copanlisib']",IC50,1032568-63-0,WI6V529FZ9,COc1c(OCCCN2CCOCC2)ccc2c1N=C(NC(=O)c1cnc(N)nc1)N1CCN=C21,"InChI=1S/C23H28N8O4/c1-33-19-17(35-10-2-6-30-8-11-34-12-9-30)4-3-16-18(19)28-23(31-7-5-25-20(16)31)29-21(32)15-13-26-22(24)27-14-15/h3-4,13-14H,2,5-12H2,1H3,(H2,24,26,27)(H,28,29,32)"
CDK6,abemaciclib,DB12001,['Abemaciclib'],Ki,1231929-97-7,60UAB198HK,CCN1CCN(Cc2ccc(Nc3ncc(F)c(-c4cc(F)c5nc(C)n(C(C)C)c5c4)n3)nc2)CC1,"InChI=1S/C27H32F2N8/c1-5-35-8-10-36(11-9-35)16-19-6-7-24(30-14-19)33-27-31-15-22(29)25(34-27)20-12-21(28)26-23(13-20)37(17(2)3)18(4)32-26/h6-7,12-15,17H,5,8-11,16H2,1-4H3,(H,30,31,33,34)"
CDK4,abemaciclib,DB12001,['Abemaciclib'],Ki,1231929-97-7,60UAB198HK,CCN1CCN(Cc2ccc(Nc3ncc(F)c(-c4cc(F)c5nc(C)n(C(C)C)c5c4)n3)nc2)CC1,"InChI=1S/C27H32F2N8/c1-5-35-8-10-36(11-9-35)16-19-6-7-24(30-14-19)33-27-31-15-22(29)25(34-27)20-12-21(28)26-23(13-20)37(17(2)3)18(4)32-26/h6-7,12-15,17H,5,8-11,16H2,1-4H3,(H,30,31,33,34)"
PIK3CA,duvelisib,DB11952,['Duvelisib'],IC50,1201438-56-3,610V23S0JI,C[C@H](Nc1ncnc2[nH]cnc12)c1cc2cccc(Cl)c2c(=O)n1-c1ccccc1,"InChI=1S/C22H17ClN6O/c1-13(28-21-19-20(25-11-24-19)26-12-27-21)17-10-14-6-5-9-16(23)18(14)22(30)29(17)15-7-3-2-4-8-15/h2-13H,1H3,(H2,24,25,26,27,28)/t13-/m0/s1"
EGFR,dacomitinib,DB11963,['Dacomitinib | Dacomitinib anhydrous | Dacomitinibum'],IC50,1110813-31-4,2XJX250C20,COc1cc2ncnc(Nc3ccc(F)c(Cl)c3)c2cc1NC(=O)/C=C/CN1CCCCC1,"InChI=1S/C24H25ClFN5O2/c1-33-22-14-20-17(24(28-15-27-20)29-16-7-8-19(26)18(25)12-16)13-21(22)30-23(32)6-5-11-31-9-3-2-4-10-31/h5-8,12-15H,2-4,9-11H2,1H3,(H,30,32)(H,27,28,29)/b6-5+"
PARP1,talazoparib tosylate,,[],Ki,,,,
PIK3CA,alpelisib,DB12015,['Alpelisib'],IC50,1217486-61-7,08W5N2C97Q,Cc1nc(NC(=O)N2CCC[C@H]2C(N)=O)sc1-c1ccnc(C(C)(C)C(F)(F)F)c1,"InChI=1S/C19H22F3N5O2S/c1-10-14(11-6-7-24-13(9-11)18(2,3)19(20,21)22)30-16(25-10)26-17(29)27-8-4-5-12(27)15(23)28/h6-7,9,12H,4-5,8H2,1-3H3,(H2,23,28)(H,25,26,29)/t12-/m0/s1"
AURKA,entrectinib,DB11986,"['Entrectinib | N-[5-[(3,5-difluorophenyl)methyl]-1H-indazol-3-yl]-4-(4-methylpiperazin-1-yl)-2-(oxan-4-ylamino)benzamide']",IC50,1108743-60-7,L5ORF0AN1I,CN1CCN(c2ccc(C(=O)Nc3n[nH]c4ccc(Cc5cc(F)cc(F)c5)cc34)c(NC3CCOCC3)c2)CC1,"InChI=1S/C31H34F2N6O2/c1-38-8-10-39(11-9-38)25-3-4-26(29(19-25)34-24-6-12-41-13-7-24)31(40)35-30-27-17-20(2-5-28(27)36-37-30)14-21-15-22(32)18-23(33)16-21/h2-5,15-19,24,34H,6-14H2,1H3,(H2,35,36,37,40)"
EGFR,fedratinib,DB12500,['Fedratinib'],Kd,936091-26-8,6L1XP550I6,Cc1cnc(Nc2ccc(OCCN3CCCC3)cc2)nc1Nc1cccc(S(=O)(=O)NC(C)(C)C)c1,"InChI=1S/C27H36N6O3S/c1-20-19-28-26(30-21-10-12-23(13-11-21)36-17-16-33-14-5-6-15-33)31-25(20)29-22-8-7-9-24(18-22)37(34,35)32-27(2,3)4/h7-13,18-19,32H,5-6,14-17H2,1-4H3,(H2,28,29,30,31)"
AURKA,fedratinib,DB12500,['Fedratinib'],Kd,936091-26-8,6L1XP550I6,Cc1cnc(Nc2ccc(OCCN3CCCC3)cc2)nc1Nc1cccc(S(=O)(=O)NC(C)(C)C)c1,"InChI=1S/C27H36N6O3S/c1-20-19-28-26(30-21-10-12-23(13-11-21)36-17-16-33-14-5-6-15-33)31-25(20)29-22-8-7-9-24(18-22)37(34,35)32-27(2,3)4/h7-13,18-19,32H,5-6,14-17H2,1-4H3,(H2,28,29,30,31)"
PIK3CA,fedratinib,DB12500,['Fedratinib'],Kd,936091-26-8,6L1XP550I6,Cc1cnc(Nc2ccc(OCCN3CCCC3)cc2)nc1Nc1cccc(S(=O)(=O)NC(C)(C)C)c1,"InChI=1S/C27H36N6O3S/c1-20-19-28-26(30-21-10-12-23(13-11-21)36-17-16-33-14-5-6-15-33)31-25(20)29-22-8-7-9-24(18-22)37(34,35)32-27(2,3)4/h7-13,18-19,32H,5-6,14-17H2,1-4H3,(H2,28,29,30,31)"
WEE1,fedratinib,DB12500,['Fedratinib'],Kd,936091-26-8,6L1XP550I6,Cc1cnc(Nc2ccc(OCCN3CCCC3)cc2)nc1Nc1cccc(S(=O)(=O)NC(C)(C)C)c1,"InChI=1S/C27H36N6O3S/c1-20-19-28-26(30-21-10-12-23(13-11-21)36-17-16-33-14-5-6-15-33)31-25(20)29-22-8-7-9-24(18-22)37(34,35)32-27(2,3)4/h7-13,18-19,32H,5-6,14-17H2,1-4H3,(H2,28,29,30,31)"
CDK4,fedratinib,DB12500,['Fedratinib'],Kd,936091-26-8,6L1XP550I6,Cc1cnc(Nc2ccc(OCCN3CCCC3)cc2)nc1Nc1cccc(S(=O)(=O)NC(C)(C)C)c1,"InChI=1S/C27H36N6O3S/c1-20-19-28-26(30-21-10-12-23(13-11-21)36-17-16-33-14-5-6-15-33)31-25(20)29-22-8-7-9-24(18-22)37(34,35)32-27(2,3)4/h7-13,18-19,32H,5-6,14-17H2,1-4H3,(H2,28,29,30,31)"
PARP1,mefuparib,DB18248,['5-fluoro-2-(4-((methylamino)methyl)phenyl)-7-benzofurancarboxamide | Cvl-218 free base | Mefuparib'],IC50,1392502-82-7,9NN2OZ1YX4,CNCc1ccc(-c2cc3cc(F)cc(C(N)=O)c3o2)cc1,"InChI=1S/C17H15FN2O2/c1-20-9-10-2-4-11(5-3-10)15-7-12-6-13(18)8-14(17(19)21)16(12)22-15/h2-8,20H,9H2,1H3,(H2,19,21)"
EGFR,selumetinib,DB11689,['Selumetinib | Sélumétinib | Selumetinibum'],Kd,606143-52-6,6UH91I579U,Cn1cnc2c(F)c(Nc3ccc(Br)cc3Cl)c(C(=O)NOCCO)cc21,"InChI=1S/C17H15BrClFN4O3/c1-24-8-21-16-13(24)7-10(17(26)23-27-5-4-25)15(14(16)20)22-12-3-2-9(18)6-11(12)19/h2-3,6-8,22,25H,4-5H2,1H3,(H,23,26)"
EGFR,tucatinib,DB11652,['Tucatinib'],IC50,937263-43-9,234248D0HH,Cc1cc(Nc2ncnc3ccc(NC4=NC(C)(C)CO4)cc23)ccc1Oc1ccn2ncnc2c1,"InChI=1S/C26H24N8O2/c1-16-10-17(5-7-22(16)36-19-8-9-34-23(12-19)28-15-30-34)31-24-20-11-18(4-6-21(20)27-14-29-24)32-25-33-26(2,3)13-35-25/h4-12,14-15H,13H2,1-3H3,(H,32,33)(H,27,29,31)"
KRAS,lonafarnib,DB06448,['Lonafarnib | Lonafarnibum'],IC50,193275-84-2,IOW153004F,NC(=O)N1CCC(CC(=O)N2CCC([C@H]3c4ncc(Br)cc4CCc4cc(Cl)cc(Br)c43)CC2)CC1,"InChI=1S/C27H31Br2ClN4O2/c28-20-12-19-2-1-18-13-21(30)14-22(29)24(18)25(26(19)32-15-20)17-5-9-33(10-6-17)23(35)11-16-3-7-34(8-4-16)27(31)36/h12-17,25H,1-11H2,(H2,31,36)/t25-/m1/s1"
KRAS,lonafarnib,DB06448,['Lonafarnib | Lonafarnibum'],IC50,193275-84-2,IOW153004F,NC(=O)N1CCC(CC(=O)N2CCC([C@H]3c4ncc(Br)cc4CCc4cc(Cl)cc(Br)c43)CC2)CC1,"InChI=1S/C27H31Br2ClN4O2/c28-20-12-19-2-1-18-13-21(30)14-22(29)24(18)25(26(19)32-15-20)17-5-9-33(10-6-17)23(35)11-16-3-7-34(8-4-16)27(31)36/h12-17,25H,1-11H2,(H2,31,36)/t25-/m1/s1"
PIK3CA,umbralisib,DB14989,['Umbralisib'],Kd,1532533-67-7,38073MQB2A,CC(C)Oc1ccc(-c2nn([C@@H](C)c3oc4ccc(F)cc4c(=O)c3-c3cccc(F)c3)c3ncnc(N)c23)cc1F,"InChI=1S/C31H24F3N5O3/c1-15(2)41-24-9-7-18(12-22(24)34)27-26-30(35)36-14-37-31(26)39(38-27)16(3)29-25(17-5-4-6-19(32)11-17)28(40)21-13-20(33)8-10-23(21)42-29/h4-16H,1-3H3,(H2,35,36,37)/t16-/m0/s1"
CDK6,trilaciclib,DB15442,['Trilaciclib'],IC50,1374743-00-6,U6072DO9XG,CN1CCN(c2ccc(Nc3ncc4cc5n(c4n3)C3(CCCCC3)CNC5=O)nc2)CC1,"InChI=1S/C24H30N8O/c1-30-9-11-31(12-10-30)18-5-6-20(25-15-18)28-23-26-14-17-13-19-22(33)27-16-24(7-3-2-4-8-24)32(19)21(17)29-23/h5-6,13-15H,2-4,7-12,16H2,1H3,(H,27,33)(H,25,26,28,29)"
CDK4,trilaciclib,DB15442,['Trilaciclib'],IC50,1374743-00-6,U6072DO9XG,CN1CCN(c2ccc(Nc3ncc4cc5n(c4n3)C3(CCCCC3)CNC5=O)nc2)CC1,"InChI=1S/C24H30N8O/c1-30-9-11-31(12-10-30)18-5-6-20(25-15-18)28-23-26-14-17-13-19-22(33)27-16-24(7-3-2-4-8-24)32(19)21(17)29-23/h5-6,13-15H,2-4,7-12,16H2,1H3,(H,27,33)(H,25,26,28,29)"
KRAS,sotorasib,DB15569,"['6-fluoro-7-(2-fluoro-6-hydroxyphenyl)-(1M)-1-[4-methyl-2-(propan-2-yl)pyridin-3-yl]-4-[(2S)-2- methyl-4-(prop-2-enoyl)piperazin-1-yl]pyrido[2,3-d]pyrimidin-2(1H)-one | Kras G12C inhibitor 9 | Sotorasib']",IC50,2252403-56-6,2B2VM6UC8G,C=CC(=O)N1CCN(c2nc(=O)n(-c3c(C)ccnc3C(C)C)c3nc(-c4c(O)cccc4F)c(F)cc23)[C@@H](C)C1,"InChI=1S/C30H30F2N6O3/c1-6-23(40)36-12-13-37(18(5)15-36)28-19-14-21(32)26(24-20(31)8-7-9-22(24)39)34-29(19)38(30(41)35-28)27-17(4)10-11-33-25(27)16(2)3/h6-11,14,16,18,39H,1,12-13,15H2,2-5H3/t18-/m0/s1"
